Product  Name,Rating,Number of rates,Item Price,Currency
Bush Somerset Collection Bookcase,4.5,356,179.13,US$
"Hon Deluxe Fabric Upholstered Stacking Chairs, Rounded Back",4.6,6,476.44,US$
Self-Adhesive Address Labels for Typewriters by Universal,4.5,52,8.33,€
Eldon Fold 'N Roll Cart System,3.7,347,46.96,US$
Mitel 5320 IP Phone VoIP phone,4.3,7,34.99,US$
DXL Angle-View Binders with Locking Rings by Samsill,4.5,5077,19.99,US$
Belkin F5C206VTEL 6 Outlet Surge,4.7,7786,17.94,US$
Konftel 250 Conference phone - Charcoal black,3.6,6,389.86,US$
Xerox 1967,3.8,690,999.00,US$
Fellowes PB200 Plastic Comb Binding Machine,4.7,985,7.83,US$
"Holmes Replacement Filter for HEPA Air Cleaner, Very Large Room, HEPA Filter",4.6,882,6.90,US$
Storex DuraTech Recycled Plastic Frosted Binders,2.8,3,38.99,US$
Newell 341,5.0,1,341.10,US$
Cisco SPA 501G IP Phone,2.5,23,77.70,CA$
Newell 318,4.4,5,17.99,US$
"Global Deluxe Stacking Chair, Gray",4.5,99,299.99,US$
Wilson Jones Active Use Binders,4.0,36,9.17,US$
"Riverside Palais Royal Lawyers Bookcase, Royale Cherry Finish",4.4,11023,153.60,US$
Avery Recycled Flexi-View Covers for Binding Systems,4.3,29,60.99,US$
Poly String Tie Envelopes,4.6,1140,7.28,US$
Lumber Crayons,5.0,2,17.20,US$
GE 30524EE4,4.1,211,209.00,US$
"Electrix Architect's Clamp-On Swing Arm Lamp, Black",4.4,2587,28.48,US$
"Atlantic Metals Mobile 3-Shelf Bookcases, Custom Colors",5.0,9,39.99,US$
"Global Fabric Manager's Chair, Dark Gray",3.4,3,120.29,US$
Plantronics HL10 Handset Lifter,4.5,1302,40.78,US$
"Advantus 10-Drawer Portable Organizer, Chrome Metal Frame, Smoke Drawers",4.6,678,61.23,US$
Wilson Jones Leather-Like Binders with DublLock Round Rings,4.0,36,9.17,US$
Avery 485,5.0,1,26.99,US$
Longer-Life Soft White Bulbs,4.5,1381,10.99,US$
"Global Leather Task Chair, Black",2.0,1,342.52,US$
Advantus Push Pins,4.6,1467,9.80,US$
AT&T CL83451 4-Handset Telephone,3.8,59,159.99,US$
Xerox 232,3.6,12,20.95,US$
Novimex Turbo Task Chair,4.3,29328,89.34,US$
"Array Parchment Paper, Assorted Colors",4.8,1887,14.27,US$
Plastic Binding Combs,4.7,794,10.58,US$
Prang Dustless Chalk Sticks,4.1,728,4.01,US$
Xerox 1943,3.5,277,549.99,US$
Luxo Economy Swing Arm Lamp,3.8,507,61.66,US$
"Global Value Mid-Back Manager's Chair, Gray",4.4,83,199.99,US$
"Hunt BOSTON Model 1606 High-Volume Electric Pencil Sharpener, Beige",4.7,627,8.49,US$
"Snap-A-Way Black Print Carbonless Ruled Speed Letter, Triplicate",4.6,18,12.97,US$
Avery Binding System Hidden Tab Executive Style Index Sets,4.8,1205,6.18,US$
High-Back Leather Manager's Chair,4.3,3686,179.99,US$
Economy Binders,4.4,879,18.37,US$
Avery Heavy-Duty EZD  Binder With Locking Rings,4.0,1,40.80,US$
"Premium Writing Pencils, Soft, #2 by Central Association for the Blind",4.8,10156,4.99,US$
"Sortfiler Multipurpose Personal File Organizer, Black",3.5,5,27.83,US$
Jet-Pak Recycled Peel 'N' Seal Padded Mailers,4.7,328,25.98,US$
Logitech LS21 Speaker System - PC Multimedia - 2.1-CH - Wired,4.3,1258,49.99,US$
Xerox 1995,1.0,1,83.18,US$
Ibico Standard Transparent Covers,3.7,24,43.70,US$
Flexible Leather- Look Classic Collection Ring Binder,4.7,1382,14.74,US$
Trimflex Flexible Post Binders,4.6,637,6.99,US$
Avery Personal Creations Heavyweight Cards,5.0,5,16.00,US$
SanDisk Ultra 64 GB MicroSDHC Class 10 Memory Card,4.7,47914,9.95,US$
Avery Hidden Tab Dividers for Binding Systems,4.8,2265,8.76,US$
Logitech K350 2.4Ghz Wireless Keyboard,4.6,26423,37.99,US$
"Deflect-o DuraMat Lighweight, Studded, Beveled Mat for Low Pile Carpeting",3.6,40,166.81,US$
Speck Products Candyshell Flip Case,4.4,1663,17.99,US$
Newell Chalk Holder,4.6,13,29.90,US$
Logitech Gaming G510s - Keyboard,4.3,536,349.75,US$
Magnifier Swing Arm Lamp,4.4,33,79.69,US$
"Hunt PowerHouse Electric Pencil Sharpener, Blue",4.6,485,26.95,US$
"OIC Colored Binder Clips, Assorted Sizes",4.6,595,6.70,US$
Xerox 1921,4.1,357,777.30,US$
Hon Racetrack Conference Tables,3.3,12,744.69,US$
Artistic Insta-Plaque,4.1,199,12.55,€
Globe Weis Peel & Seel First Class Envelopes,4.1,14,61.08,US$
Global Deluxe High-Back Manager's Chair,4.4,85,227.69,US$
Bevis 44 x 96 Conference Tables,4.3,44,618.90,US$
"Avery Durable Slant Ring Binders, No Labels",4.7,10769,16.62,US$
"Trav-L-File Heavy-Duty Shuttle II, Black",4.3,198,49.07,US$
Anker 36W 4-Port USB Wall Charger Travel Power Adapter for iPhone 5s 5c 5,4.8,15577,27.49,US$
Xerox 1916,3.1,6,1156.94,US$
Staples,4.7,40544,9.97,US$
Xerox 195,3.2,5,75.80,£
Xerox 1880,4.1,357,777.30,US$
Ideal Clamps,4.5,7,32.92,US$
GBC Wire Binding Strips,3.9,13,77.21,US$
Fiskars Softgrip Scissors,4.8,17623,6.48,US$
Newell 343,4.9,28,43.78,US$
Convenience Packs of Business Envelopes,4.7,3544,24.67,US$
Plantronics Cordless Phone Headset with In-line Volume - M214C,3.7,44,54.40,US$
Anker Astro 15000mAh USB Portable Charger,4.1,24,9.99,£
GBC Prestige Therm-A-Bind Covers,3.0,9,36.01,£
Belkin 7 Outlet SurgeMaster Surge Protector with Phone Protection,4.7,847,32.00,US$
Jabra BIZ 2300 Duo QD Duo Corded Headset,4.4,69,77.61,US$
Southworth 25% Cotton Antique Laid Paper & Envelopes,4.6,770,28.06,US$
Xerox 1883,3.5,277,549.99,US$
Newell 311,3.9,10,229.99,US$
Avery 519,4.8,946,13.83,US$
Avaya 5420 Digital phone,3.7,13,54.88,US$
Xerox 1920,3.8,82,699.00,US$
Lenovo 17-Key USB Numeric Keypad,4.7,15,29.99,US$
Staple envelope,3.7,4,21.16,US$
BIC Brite Liner Highlighters,4.8,30960,2.19,US$
Lexmark MX611dhe Monochrome Laser Printer,2.6,2,397.80,US$
Space Solutions HD Industrial Steel Shelving.,4.6,215205,60.21,US$
SAFCO Arco Folding Chair,4.4,338,209.24,US$
Sanford Liquid Accent Highlighters,4.5,86,8.40,US$
Kensington 7 Outlet MasterPiece Power Center,5.0,2,29.48,US$
"Global Value Steno Chair, Gray",4.4,1175,51.20,US$
Kensington 7 Outlet MasterPiece HOMEOFFICE Power Control Center,4.8,6416,13.99,US$
Avery 51,4.8,18669,27.44,US$
"Sanford Colorific Eraseable Coloring Pencils, 12 Count",5.0,10,8.50,US$
"Tenex File Box, Personal Filing Tote with Lid, Black",4.4,10729,23.48,US$
AT&T TR1909W,4.0,121,32.07,US$
Nokia Lumia 521 (T-Mobile),3.9,3339,84.99,US$
Avery Poly Binder Pockets,4.8,6,7.67,US$
SanDisk Ultra 32 GB MicroSDHC Class 10 Memory Card,4.7,115088,9.45,US$
"Atlantic Metals Mobile 4-Shelf Bookcases, Custom Colors",4.3,6809,40.77,US$
Xerox 205,4.2,855,763.57,US$
4009 Highlighters by Sanford,5.0,1,11.98,US$
"Binney & Smith Crayola Metallic Colored Pencils, 8-Color Set",4.7,3460,5.55,US$
Southworth 25% Cotton Linen-Finish Paper & Envelopes,4.7,409,27.29,US$
BoxOffice By Design Rectangular and Half-Moon Meeting Room Tables,3.3,30,71.16,US$
"Bravo II Megaboss 12-Amp Hard Body Upright, Replacement Belts, 2 Belts per Pack",5.0,4,9.16,US$
Eureka Sanitaire  Commercial Upright,3.8,56,150.00,US$
Nortel Business Series Terminal T7208 Digital phone,3.8,48,83.50,US$
"Tennsco Lockers, Gray",5.0,3,547.64,US$
Panasonic KX-TG6844B Expandable Digital Cordless Telephone,4.1,332,224.00,US$
"Advantus Push Pins, Aluminum Head",4.6,1466,9.66,US$
Avery 505,4.8,787,19.53,US$
Cisco 9971 IP Video Phone Charcoal,2.7,12,89.00,US$
Sony Micro Vault Click 16 GB USB 2.0 Flash Drive,4.2,96,11.48,US$
Adtran 1202752G1,4.0,1,1499.99,US$
OIC Bulk Pack Metal Binder Clips,4.8,272,6.50,US$
Stanley Bostitch Contemporary Electric Pencil Sharpeners,4.5,1322,8.49,US$
"Sanford Uni-Blazer View Highlighters, Chisel Tip, Yellow",4.5,73,7.44,US$
Bevis 36 x 72 Conference Tables,4.6,188,334.72,US$
Rogers Deluxe File Chest,4.7,420,24.99,US$
"Global Push Button Manager's Chair, Indigo",5.0,1,384.76,US$
Bush Advantage Collection Round Conference Table,4.5,8,279.99,US$
Logitech P710e Mobile Speakerphone,4.1,323,156.60,US$
Xerox 4200 Series MultiUse Premium Copy Paper (20Lb. and 84 Bright),4.6,2,105.72,US$
Xerox 1957,3.2,5,2400.00,US$
Luxo Professional Fluorescent Magnifier Lamp with Clamp-Mount Base,3.8,11,30.38,US$
Staple-based wall hangings,4.1,38,84.99,US$
PureGear Roll-On Screen Protector,3.8,40,9.98,US$
KI Conference Tables,3.9,6,299.99,US$
Eldon 100 Class Desk Accessories,4.6,306,11.26,US$
Safco Steel Mobile File Cart,4.5,429,59.90,US$
Honeywell Enviracaire Portable HEPA Air Cleaner for 17' x 22' Room,4.5,4592,29.99,US$
"Global Leather Highback Executive Chair with Pneumatic Height Adjustment, Black",5.0,1,298.95,US$
"Fellowes Personal Hanging Folder Files, Navy",4.5,32,22.10,US$
Tyvek Side-Opening Peel & Seel Expanding Envelopes,4.7,23,36.83,US$
Logitech Mobile Speakerphone P710e - speaker phone,4.1,323,156.60,US$
Sabrent 4-Port USB 2.0 Hub,4.6,120957,7.99,US$
Safco Industrial Shelving,3.0,1,260.69,US$
Xerox WorkCentre 6505DN Laser Multifunction Printer,3.1,55,812.50,US$
Cisco Small Business SPA 502G VoIP phone,4.2,45,59.95,US$
Microsoft Sculpt Comfort Mouse,4.3,5449,29.95,US$
Bagged Rubber Bands,4.9,10,9.99,US$
Safco Commercial Shelving,4.4,2,214.60,US$
Logitech 910-002974 M325 Wireless Mouse for Web Scrolling,4.6,3296,89.99,US$
Regeneration Desk Collection,4.5,388,8.49,US$
Presstex Flexible Ring Binders,4.2,92,9.99,US$
Newell 330,4.6,3,64.51,US$
Avery 489,4.7,27,21.60,US$
Round Ring Binders,5.0,8,7.14,US$
Bose SoundLink Bluetooth Speaker,4.6,62926,144.99,US$
Easy-staple paper,4.3,3253,17.72,US$
Microsoft Arc Touch Mouse,4.5,1534,35.95,US$
Xerox 216,4.2,634,237.48,£
GBC VeloBinder Electric Binding Machine,4.6,697,213.01,US$
Premier Automatic Letter Opener,3.1,44,141.99,US$
Advantus SlideClip Paper Clips,3.0,1,38.57,US$
Avery 512,4.6,29,30.49,US$
Logitech Wireless Gaming Headset G930,3.9,9759,84.99,US$
"Bush Westfield Collection Bookcases, Medium Cherry Finish",4.2,5,212.20,US$
Eldon ClusterMat Chair Mat with Cordless Antistatic Protection,3.2,53,60.95,US$
Xerox 1939,3.3,63,807.49,US$
"Floodlight Indoor Halogen Bulbs, 1 Bulb per Pack, 60 Watts",3.3,6,7.50,US$
Avery Premier Heavy-Duty Binder with Round Locking Rings,4.7,415,9.29,US$
BPI Conference Tables,4.2,28,87.09,US$
Electrix 20W Halogen Replacement Bulb for Zoom-In Desk Lamp,4.5,2671,10.99,US$
Newell 350,5.0,1,64.79,US$
Boston Heavy-Duty Trimline Electric Pencil Sharpeners,3.4,42,44.99,US$
Faber Castell Col-Erase Pencils,4.6,2122,11.27,US$
C-Line Cubicle Keepers Polyproplyene Holder With Velcro Backings,4.1,61,11.09,US$
Avery 509,4.3,309,2.39,£
"Deflect-o SuperTray Unbreakable Stackable Tray, Letter, Black",4.2,3,34.15,US$
AT&T 1070 Corded Phone,4.2,816,229.99,US$
Xerox 21,3.5,14,785.00,US$
"Boston School Pro Electric Pencil Sharpener, 1670",4.2,101,8.49,US$
DMI Arturo Collection Mission-style Design Wood Chair,4.1,229,99.60,US$
NETGEAR N750 Dual Band Wi-Fi Gigabit Router,4.3,7149,75.55,US$
OIC Binder Clips,4.8,272,6.50,US$
Logitech Wireless Headset h800,4.1,6979,139.99,US$
Telescoping Adjustable Floor Lamp,3.7,137,49.99,US$
Aastra 57i VoIP phone,5.0,1,54.95,US$
"File Shuttle II and Handi-File, Black",3.9,27,60.65,US$
Round Specialty Laser Printer Labels,4.4,13054,21.02,US$
GBC Premium Transparent Covers with Diagonal Lined Pattern,4.5,39,21.40,US$
AT&T 841000 Phone,4.3,25,68.96,US$
Wilson Jones Custom Binder Spines & Labels,4.0,10,7.99,US$
Hewlett Packard LaserJet 3310 Copier,4.2,19,615.49,US$
Avery Non-Stick Binders,4.6,456,6.19,US$
Tuff Stuff Recycled Round Ring Binders,4.5,13116,6.52,US$
Newell 314,4.4,1283,210.00,US$
"BIC Brite Liner Highlighters, Chisel Tip",4.8,30960,2.19,US$
Xerox 1881,3.8,82,699.00,US$
Acco Hanging Data Binders,3.6,13,13.99,US$
Sauder Barrister Bookcases,4.6,1214,199.99,US$
"Dixon Prang Watercolor Pencils, 10-Color Set with Brush",4.4,23,6.29,US$
Newell 333,5.0,1,4.21,US$
Eldon Wave Desk Accessories,3.9,8,22.00,US$
Wilson Jones “Snap” Scratch Pad Binder Tool for Ring Binders,3.5,15,16.92,US$
Staple remover,4.5,361,10.26,£
Pizazz Global Quick File,4.7,18435,75.18,US$
Xerox 1930,3.8,89,498.00,US$
File Shuttle I and Handi-File,3.9,27,60.65,US$
NETGEAR AC1750 Dual Band Gigabit Smart WiFi Router,3.8,75,73.00,US$
Newell 324,4.7,4908,6.74,US$
Microsoft Natural Keyboard Elite,4.3,596,259.95,US$
Holmes Odor Grabber,4.7,60,6.67,US$
Akro-Mils 12-Gallon Tote,4.3,101,170.00,US$
Southworth Structures Collection,4.5,6,12.00,US$
Logitech Media Keyboard K200,3.8,108,27.99,US$
Lexmark MarkNet N8150 Wireless Print Server,5.0,20,275.00,US$
Crayola Colored Pencils,4.7,10473,14.48,US$
"Angle-D Binders with Locking Rings, Label Holders",4.3,134,55.24,US$
Nortel Meridian M3904 Professional Digital phone,3.8,8,42.00,US$
Wilson Jones Century Plastic Molded Ring Binders,4.0,169,15.00,US$
Tuf-Vin Binders,4.5,311,96.96,US$
2300 Heavy-Duty Transfer File Systems by Perma,4.8,1670,16.99,US$
Super Decoflex Portable Personal File,4.3,158,27.82,US$
Xerox 1974,4.1,357,777.30,US$
"Wirebound Message Book, 4 per Page",4.6,102,9.61,US$
Self-Adhesive Removable Labels,4.7,1106,7.99,US$
O'Sullivan 4-Shelf Bookcase in Odessa Pine,4.2,2517,125.38,US$
Novimex High-Tech Fabric Mesh Task Chair,4.0,256,237.60,US$
Xerox 191,4.2,152,208.90,£
Bulldog Vacuum Base Pencil Sharpener,4.3,1428,11.99,US$
Xerox 1987,3.8,5,5.99,US$
"White Envelopes, White Envelopes with Clear Poly Window",4.7,330,27.98,US$
KeyTronic 6101 Series - Keyboard - Black,3.8,2,19.95,US$
"Westinghouse Mesh Shade Clip-On Gooseneck Lamp, Black",4.4,769,20.61,US$
Crate-A-Files,4.5,144,42.09,US$
Hon Multipurpose Stacking Arm Chairs,4.6,6,476.44,US$
Coloredge Poster Frame,1.0,1,74.99,US$
GBC VeloBinder Manual Binding System,4.6,697,213.01,US$
"Epson WorkForce WF-2530 All-in-One Printer, Copier Scanner",2.6,19,349.99,US$
Design Ebony Sketching Pencil,4.2,13,7.84,US$
GBC ProClick 150 Presentation Binding System,4.6,698,107.70,US$
Woodgrain Magazine Files by Perma,4.7,181,37.25,US$
Letter Size Cart,4.2,258,32.99,US$
Insertable Tab Post Binder Dividers,4.8,9105,6.39,US$
Belkin QODE FastFit Bluetooth Keyboard,3.8,86,34.95,US$
"Canon Color ImageCLASS MF8580Cdw Wireless Laser All-In-One Printer, Copier, Scanner",3.8,274,1098.00,US$
Global Deluxe Steno Chair,4.4,1175,51.20,US$
Aluminum Document Frame,4.2,179,18.61,US$
Office Star - Ergonomically Designed Knee Chair,3.8,708,69.99,US$
Avery 520,5.0,3,242.61,US$
"GE General Purpose, Extra Long Life, Showcase & Floodlight Incandescent Bulbs",4.1,292,26.99,US$
Boston 1645 Deluxe Heavier-Duty Electric Pencil Sharpener,4.2,101,8.49,US$
50 Colored Long Pencils,4.7,10473,14.48,US$
Newell 342,5.0,1,18790.00,₹
Deluxe Rollaway Locking File with Drawer,4.5,1212,129.99,US$
"Global Geo Office Task Chair, Gray",4.4,682,46.99,£
Hon 4700 Series Mobuis Mid-Back Task Chairs with Adjustable Arms,4.2,1794,399.00,US$
Staple envelope,3.7,4,21.16,US$
Logitech G700s Rechargeable Gaming Mouse,4.5,3010,450.00,US$
Bush Advantage Collection Racetrack Conference Table,3.1,22,1105.00,US$
"Fellowes Premier Superior Surge Suppressor, 10-Outlet, With Phone and Remote",4.6,5,82.82,US$
Bush Mission Pointe Library,4.6,19,655.23,US$
Cardinal Hold-It CD Pocket,4.3,42,10.00,US$
"Sauder Mission Library with Doors, Fruitwood Finish",4.5,2552,220.99,US$
Samsung Galaxy Note 3,4.3,1128,61.40,US$
Xerox 1912,3.8,82,699.00,US$
Cisco SPA525G2 IP Phone - Wireless,4.5,104,64.95,US$
Prang Colored Pencils,4.6,4299,11.12,US$
Logitech G602 Wireless Gaming Mouse,4.4,14208,109.99,US$
Alphabetical Labels for Top Tab Filing,5.0,1,319.95,US$
O'Sullivan Living Dimensions 2-Shelf Bookcases,4.2,29,75.99,US$
iHome FM Clock Radio with Lightning Dock,4.2,1613,27.03,US$
Square Credit Card Reader,4.7,15263,15.00,US$
Logitech M510 Wireless Mouse,4.7,38191,24.40,US$
Fellowes Officeware Wire Shelving,4.6,167,61.05,US$
Colored Envelopes,4.8,559,7.49,US$
Balt Solid Wood Rectangular Table,4.0,144,374.99,US$
"Strathmore #10 Envelopes, Ultimate White",3.3,10,50.99,US$
Deflect-O Glasstique Clear Desk Accessories,4.2,29,31.58,US$
GBC Standard Therm-A-Bind Covers,4.0,29,46.31,US$
Global Troy Executive Leather Low-Back Tilter,5.0,1,298.95,US$
Storex Flexible Poly Binders with Double Pockets,4.3,3,40.00,US$
Rogers Handheld Barrel Pencil Sharpener,3.0,1,116.13,US$
Newell 344,4.6,4,30.43,€
Fellowes PB500 Electric Punch Plastic Comb Binding Machine with Manual Bind,4.6,228,199.99,US$
Executive Impressions Supervisor Wall Clock,4.1,65,46.62,US$
SanDisk Cruzer 32 GB USB Flash Drive,4.7,267664,7.32,US$
Advantus Rolling Storage Box,4.2,359,46.11,US$
Great White Multi-Use Recycled Paper (20Lb. and 84 Bright),5.0,2,115.87,US$
XtraLife ClearVue Slant-D Ring Binders by Cardinal,4.2,253,26.87,US$
Staples,4.7,40522,9.97,US$
Eldon Gobal File Keepers,3.7,3,14.20,US$
Martin Yale Chadless Opener Electric Letter Opener,2.7,7,93.01,US$
"White Business Envelopes with Contemporary Seam, Recycled White Business Envelopes",4.6,158,21.43,US$
Tenex Chairmats For Use With Carpeted Floors,2.4,9,52.48,US$
Panasonic KX-TG9471B,3.9,77,249.99,US$
Sterilite Officeware Hinged File Box,4.6,828,22.99,US$
"Premier Elliptical Ring Binder, Black",4.5,345,22.32,US$
Cardinal Poly Pocket Divider Pockets for Ring Binders,4.3,9,11.01,US$
SanDisk Cruzer 64 GB USB Flash Drive,4.3,258983,8.43,US$
Xblue XB-1670-86 X16 Small Office Telephone - Titanium,4.3,123,1899.99,US$
"Deflect-o EconoMat Studded, No Bevel Mat for Low Pile Carpeting",3.9,389,101.00,US$
Avery Printable Repositionable Plastic Tabs,4.5,444,9.99,US$
Staple remover,4.5,361,10.26,£
Advantus T-Pin Paper Clips,4.8,4748,4.99,US$
Zebra Zazzle Fluorescent Highlighters,4.7,1061,14.75,US$
Avery 473,4.7,473,6.29,US$
Xerox 226,4.3,4,149.87,AU$
"GBC Prepunched Paper, 19-Hole, for Binding Systems, 24-lb",4.5,217,31.30,US$
"Sanitaire Vibra Groomer IR Commercial Upright Vacuum, Replacement Belts",4.1,16,14.58,US$
Advantus Panel Wall Acrylic Frame,3.7,12,11.62,US$
Personal Creations Ink Jet Cards and Labels,5.0,3,45.42,US$
"GBC White Gloss Covers, Plain Front",4.0,29,46.31,US$
Xerox 222,4.3,20,424.79,£
Hon Every-Day Series Multi-Task Chairs,4.1,106,220.12,US$
Cush Cases Heavy Duty Rugged Cover Case for Samsung Galaxy S5 - Purple,4.1,57,9.99,US$
Rediform S.O.S. Phone Message Books,4.4,53,10.30,US$
Acme Value Line Scissors,5.0,2,12.99,US$
Martin-Yale Premier Letter Opener,3.4,6,479.14,US$
AT&T SB67148 SynJ,4.3,446,90.00,US$
Recycled Pressboard Report Cover with Reinforced Top Hinge,4.4,136,6.47,US$
i.Sound Portable Power - 8000 mAh,4.5,3,39.00,€
Xerox 225,3.8,94,149.99,US$
Xerox 1894,3.8,82,699.00,US$
Newell 312,3.5,69,9.99,US$
Fellowes Superior 10 Outlet Split Surge Protector,4.4,59,42.10,US$
Dana Halogen Swing-Arm Architect Lamp,4.2,6737,52.47,US$
Acme Stainless Steel Office Snips,4.4,3,14.17,US$
Mophie Juice Pack Helium for iPhone,4.1,184,19.99,US$
"Hot File 7-Pocket, Floor Stand",4.7,1216,17.99,US$
Xerox 1889,3.5,277,549.99,US$
Angle-D Ring Binders,4.5,158,11.99,US$
Avery 493,4.5,13116,6.52,US$
Xerox 1972,5.0,1,38.49,US$
Cisco 8x8 Inc. 6753i IP Business Phone System,1.9,4,28.90,US$
Prestige Round Ring Binders,4.0,3,25.77,US$
"DAX Metal Frame, Desktop, Stepped-Edge",3.4,13,33.57,US$
"DAX Value U-Channel Document Frames, Easel Back",3.5,92,7.31,US$
Recycled Easel Ring Binders,4.2,618,17.13,US$
Grandstream GXP1160 VoIP phone,3.3,12,49.99,US$
"Cardinal Slant-D Ring Binder, Heavy Gauge Vinyl",4.4,269,18.34,US$
"Global Manager's Adjustable Task Chair, Storm",4.3,29328,89.34,US$
Honeywell Enviracaire Portable HEPA Air Cleaner for up to 10 x 16 Room,2.2,2,299.40,US$
"Master Caster Door Stop, Brown",3.8,59,6.66,US$
Tennsco Regal Shelving Units,4.3,27,726.10,US$
Jabra SPEAK 410,4.7,17741,81.00,US$
Premium Transparent Presentation Covers by GBC,4.5,25,26.98,US$
Wilson Jones Turn Tabs Binder Tool for Ring Binders,4.6,1710,8.49,US$
Eldon 200 Class Desk Accessories,4.4,59,80.99,US$
Economy Rollaway Files,4.0,3,49.99,US$
Avery 480,4.6,581,7.69,US$
Xerox 1993,3.6,2,199.00,US$
"Eureka The Boss Plus 12-Amp Hard Box Upright Vacuum, Red",4.4,14412,79.99,US$
Staples,4.7,40522,9.97,US$
Belkin F9H710-06 7 Outlet SurgeMaster Surge Protector,4.7,847,25.80,US$
First Data FD10 PIN Pad,3.7,10,522.87,US$
Tripp Lite Isotel 8 Ultra 8 Outlet Metal Surge,4.8,6845,98.99,US$
Avery Durable Poly Binders,5.0,1,12.11,US$
Airmail Envelopes,4.4,269,12.99,US$
Space Solutions Commercial Steel Shelving,4.6,215203,61.94,US$
Acme Tagit Stainless Steel Antibacterial Scissors,1.0,1,15.99,US$
ClearOne Communications CHAT 70 OC Speaker Phone,4.4,33,138.00,US$
"Master Giant Foot Doorstop, Safety Yellow",5.0,3,8.31,US$
Newell 331,3.7,6,69.99,US$
Kensington 6 Outlet Guardian Standard Surge Protector,4.8,6414,19.99,US$
"Southworth 100% Résumé Paper, 24lb.",4.8,2028,11.97,US$
Hoover Portapower Portable Vacuum,4.4,6409,129.00,US$
Avery Hanging File Binders,4.3,178,9.69,US$
Fellowes Neat Ideas Storage Cubes,4.7,95062,18.72,US$
Cubify CubeX 3D Printer Triple Head Print,2.3,19,1354.80,US$
Avery 516,4.8,18669,27.44,US$
Luxo Professional Magnifying Clamp-On Fluorescent Lamps,4.4,22,320.88,US$
Recycled Eldon Regeneration Jumbo File,4.6,306,11.26,US$
Avery 490,4.3,142,12.26,US$
"Avery 4027 File Folder Labels for Dot Matrix Printers, 5000 Labels per Box, White",4.7,405,54.93,US$
"Binney & Smith Crayola Metallic Crayons, 16-Color Pack",4.6,711,14.66,US$
Laminate Occasional Tables,4.6,2,327.00,US$
Xerox 220,4.5,3,325.34,US$
Fellowes 8 Outlet Superior Workstation Surge Protector,4.6,545,20.99,US$
O'Sullivan Living Dimensions 5-Shelf Bookcases,4.8,15,89.99,US$
Logitech Wireless Performance Mouse MX for PC and Mac,3.9,29,69.99,US$
Cardinal Holdit Business Card Pockets,4.7,107,5.29,US$
Tops Green Bar Computer Printout Paper,4.2,34,94.42,US$
Acme Softgrip Scissors,3.5,8,29.88,US$
ClearSounds CSC500 Amplified Spirit Phone Corded phone,4.2,747,68.49,US$
Xerox 1964,3.7,9,1799.99,US$
"Bevis Traditional Conference Table Top, Plinth Base",5.0,8,189.99,US$
"Personal Folder Holder, Ebony",4.6,62833,16.58,US$
O'Sullivan Cherrywood Estates Traditional Bookcase,4.1,71,406.24,US$
Acco Translucent Poly Ring Binders,4.2,4,15.92,US$
Logitech Wireless Touch Keyboard K400,4.5,33735,22.99,US$
Avery 508,4.6,9,7.26,€
GBC Standard Plastic Binding Systems Combs,4.6,172,37.73,US$
Xerox 196,3.5,277,549.99,US$
Belkin iPhone and iPad Lightning Cable,4.2,3433,18.54,US$
GBC Durable Plastic Covers,4.6,532,78.74,US$
Nu-Dell Leatherette Frames,5.0,2,20.61,US$
Avery Durable Binders,4.7,10776,14.87,US$
Brown Kraft Recycled Envelopes,4.3,397,32.28,US$
Plantronics S12 Corded Telephone Headset System,4.0,917,119.99,US$
Electrix Halogen Magnifier Lamp,4.8,4,39.99,US$
Hon 4070 Series Pagoda Round Back Stacking Chairs,4.6,6,476.44,US$
Cardinal EasyOpen D-Ring Binders,4.5,182,10.03,US$
GBC Instant Report Kit,4.8,10,59.02,US$
Boston 19500 Mighty Mite Electric Pencil Sharpener,4.0,61,18.60,US$
"C-Line Magnetic Cubicle Keepers, Clear Polypropylene",4.3,30,42.91,US$
"Dixon My First Ticonderoga Pencil, #2",4.8,36953,6.57,US$
Hon GuestStacker Chair,5.0,3,546.54,US$
Xerox 1927,4.1,357,777.30,US$
"Safco Value Mate Series Steel Bookcases, Baked Enamel Finish on Steel, Gray",3.2,20,255.26,US$
Microsoft Natural Ergonomic Keyboard 4000,4.5,6666,399.89,US$
Cameo Buff Policy Envelopes,5.0,1,64.52,US$
Heavy-Duty E-Z-D Binders,4.3,26,10.05,US$
Office Star - Contemporary Task Swivel Chair,5.0,1,329.99,US$
Cisco Unified IP Phone 7945G VoIP phone,2.8,50,39.00,US$
Avery 499,4.7,6058,62.95,US$
Smead Alpha-Z Color-Coded Second Alphabetical Labels and Starter Set,4.8,106,39.52,US$
Belkin 7 Outlet SurgeMaster II,4.7,847,32.00,US$
"Eldon Stackable Tray, Side-Load, Legal, Smoke",4.6,306,11.26,US$
Model L Table or Wall-Mount Pencil Sharpener,4.5,26418,74.90,US$
ClearOne CHATAttach 160 - speaker phone,5.0,3,175.00,US$
Kensington SlimBlade Notebook Wireless Mouse with Nano Receiver,3.8,40,83.02,US$
Newell 32,3.7,6,69.99,US$
Belkin F9G930V10-GRY 9 Outlet Surge,4.8,2732,36.69,US$
Razer Tiamat Over Ear 7.1 Surround Sound PC Gaming Headset,3.7,474,2417.55,US$
Xerox 1968,4.1,357,777.30,US$
GBC Recycled Grain Textured Covers,4.7,13,29.99,US$
Razer Kraken PRO Over Ear PC and Music Headset,4.1,1939,69.99,US$
Advantus Plastic Paper Clips,3.0,1,38.57,US$
Security-Tint Envelopes,4.8,15061,24.77,US$
"Global Airflow Leather Mesh Back Chair, Black",5.0,1,384.76,US$
"Fellowes Smart Surge Ten-Outlet Protector, Platinum",4.4,59,42.10,US$
Pyle PMP37LED,4.4,1310,24.84,US$
Clarity 53712,2.9,4,79.57,US$
Boston 16801 Nautilus Battery Pencil Sharpener,4.1,1406,16.79,US$
GBC ProClick Punch Binding System,4.6,698,107.70,US$
O'Sullivan 3-Shelf Heavy-Duty Bookcases,4.9,66,139.97,US$
Fellowes Binding Cases,4.7,3037,8.49,US$
Acme Preferred Stainless Steel Scissors,4.3,46,7.82,US$
Avery 486,4.5,73,10.76,£
Maxell DVD-RAM Discs,3.8,12,60.00,US$
DIXON Oriole Pencils,4.6,955,4.29,US$
Xerox 1884,3.5,277,549.99,US$
Acme Box Cutter Scissors,4.3,67,12.71,US$
Staple magnet,4.5,3,8.52,US$
Logitech MX Performance Wireless Mouse,4.3,6117,259.99,US$
Newell 337,3.8,10,52.00,US$
"Logitech B530 USB Headset - headset - Full size, Binaural",3.9,89,39.95,US$
Avery 482,4.7,38,20.49,US$
Avery 483,4.7,19,16.29,US$
Large Capacity Hanging Post Binders,4.2,51,9.69,US$
GBC Ibimaster 500 Manual ProClick Binding System,4.6,698,311.37,US$
Southworth 100% Cotton The Best Paper,4.6,570,28.86,US$
Xerox 1910,3.6,18,149.99,£
Logitech G19 Programmable Gaming Keyboard,4.3,504,243.99,US$
Lock-Up Easel 'Spel-Binder',4.0,14,84.45,US$
Fellowes Black Plastic Comb Bindings,4.5,495,12.50,US$
Anker Ultrathin Bluetooth Wireless Keyboard Aluminum Cover with Stand,4.2,68,8.69,US$
Fluorescent Highlighters by Dixon,4.2,119,5.24,US$
Binding Machine Supplies,4.0,830,41.46,US$
Staple envelope,3.7,4,21.16,US$
Things To Do Today Pad,5.0,3,11.99,US$
Wilson Jones Hanging Recycled Pressboard Data Binders,5.0,2,8.79,US$
Xerox 1923,4.6,597,24.96,US$
"Bush Westfield Collection Bookcases, Fully Assembled",4.0,7,315.56,US$
Gear Head AU3700S Headset,3.7,148,24.99,US$
Wilson Jones Legal Size Ring Binders,4.2,35,20.19,US$
Polycom CX600 IP Phone VoIP phone,3.9,20,22.95,US$
Maxell iVDR EX 500GB Cartridge,3.7,4,1122.07,US$
Fellowes High-Stak Drawer Files,3.5,16,235.10,US$
Acco Perma 4000 Stacking Storage Drawers,4.7,44,26.97,US$
Kensington 4 Outlet MasterPiece Compact Power Control Center,4.8,6416,51.07,US$
"Sanford Prismacolor Professional Thick Lead Art Pencils, 36-Color Set",4.9,17,24.99,US$
JM Magazine Binder,4.8,5934,19.97,US$
Xerox 213,3.1,6,1156.94,US$
Standard Rollaway File with Lock,4.5,706,102.14,US$
"Deflect-o RollaMat Studded, Beveled Mat for Medium Pile Carpeting",1.0,1,244.86,US$
Xerox 210,3.8,1202,200.00,US$
Staple-based wall hangings,4.1,38,84.99,US$
Avery Durable Slant Ring Binders,4.7,10769,16.62,US$
Zipper Ring Binder Pockets,3.6,48,6.22,US$
Avery File Folder Labels,4.8,2622,5.14,US$
Color-Coded Legal Exhibit Labels,4.6,27,13.17,US$
Xerox 212,3.6,355,1699.00,US$
Office Impressions Heavy Duty Welded Shelving & Multimedia Storage Drawers,4.8,43,69.99,US$
Wilson Jones Easy Flow II Sheet Lifters,3.3,24,7.95,US$
Xerox 188,3.7,157,237.00,US$
Samsung Galaxy S III - 16GB - pebble blue (T-Mobile),3.2,18,52.50,US$
Wasp CCD Handheld Bar Code Reader,3.8,17,56.45,US$
Acco Suede Grain Vinyl Round Ring Binder,3.6,4,8.45,US$
Bulldog Table or Wall-Mount Pencil Sharpener,4.4,642,9.99,US$
Xerox 1979,5.0,3,19.00,US$
Fellowes PB300 Plastic Comb Binding Machine,3.6,54,169.99,US$
Laser & Ink Jet Business Envelopes,3.8,7,17.25,US$
Portable Personal File Box,4.4,10729,23.48,US$
Magna Visual Magnetic Picture Hangers,4.4,72,24.99,US$
Plantronics CS510 - Over-the-Head monaural Wireless Headset System,4.3,1226,346.00,US$
UniKeep View Case Binders,4.6,3,109.99,US$
Project Tote Personal File,4.1,191,33.65,US$
G.E. Halogen Desk Lamp Bulbs,4.4,26,9.34,US$
OtterBox Commuter Series Case - Samsung Galaxy S4,4.5,5462,16.99,US$
Staples in misc. colors,4.7,615,4.99,US$
Cisco SPA525G2 5-Line IP Phone,2.7,7,150.23,US$
Peel & Seel Envelopes,4.7,15511,8.92,US$
GBC Plastic Binding Combs,4.6,172,40.30,US$
Xerox 2,4.1,357,777.30,US$
Xerox 1935,3.5,277,549.99,US$
Cyber Acoustics AC-202b Speech Recognition Stereo Headset,3.8,79,16.99,US$
Cisco SPA508G,4.2,20,54.95,US$
Avery 514,5.0,5,690.29,US$
Southworth 25% Cotton Granite Paper & Envelopes,4.8,294,18.62,US$
Eldon Advantage Chair Mats for Low to Medium Pile Carpets,5.0,1,50.99,US$
Aluminum Screw Posts,5.0,1,11.12,US$
Newell 336,5.0,2,79.00,£
Staples in misc. colors,4.7,615,4.99,US$
"Atlantic Metals Mobile 5-Shelf Bookcases, Custom Colors",4.3,211,90.00,US$
Belkin F9S820V06 8 Outlet Surge,4.8,2732,36.69,US$
"Global Stack Chair without Arms, Black",4.6,6,475.99,US$
Eldon Antistatic Chair Mats for Low to Medium Pile Carpets,3.2,53,61.99,US$
DIXON Ticonderoga Erasable Checking Pencils,4.6,147,18.25,US$
Eldon Advantage Foldable Chair Mats for Low Pile Carpets,5.0,1,59.99,US$
Avery Round Ring Poly Binders,4.6,11241,4.59,US$
Avery Hole Reinforcements,5.0,1,42.83,US$
Stockwell Gold Paper Clips,4.7,164,7.99,US$
Plantronics 81402,3.3,2,149.99,US$
Assorted Color Push Pins,4.0,1,5.69,US$
Avery Durable Slant Ring Binders With Label Holder,4.0,84,23.10,US$
Micropad Numeric Keypads,3.3,5,69.00,US$
Newell 328,5.0,4,1.99,US$
Easy-staple paper,4.3,3253,17.72,US$
"Global High-Back Leather Tilter, Burgundy",3.5,341,221.92,US$
Easy-staple paper,4.3,3253,17.72,US$
Xerox 224,4.0,523,93.01,US$
Avery 488,4.6,208,60.80,US$
Innergie mMini Combo Duo USB Travel Charging Kit,4.0,14,30.87,£
Stanley Contemporary Battery Pencil Sharpeners,4.5,1322,8.49,US$
AT&T 1080 Corded phone,4.2,816,175.00,US$
Xerox 1950,4.1,357,777.30,US$
"Fellowes Mobile File Cart, Black",3.9,10,66.53,US$
GBC Recycled VeloBinder Covers,4.5,11,55.71,US$
Hon 4060 Series Tables,4.9,13,459.69,US$
Newell 326,5.0,1,1.99,US$
Newell 346,2.5,6,324.96,US$
"GBC Standard Recycled Report Covers, Clear Plastic Sheets",4.5,25,26.98,US$
Staples,4.7,40522,9.97,US$
invisibleSHIELD by ZAGG Smudge-Free Screen Protector,4.4,122,44.99,US$
Xerox 1905,3.7,9,1799.99,US$
Newell 351,4.5,8,44.99,US$
Staple envelope,3.7,4,21.16,US$
KI Adjustable-Height Table,3.7,208,357.62,US$
Xerox 1945,3.3,63,807.49,US$
Avery 502,4.5,13116,6.52,US$
"Tyvek  Top-Opening Peel & Seel  Envelopes, Gray",4.7,17,9.99,US$
Xerox 1896,4.1,357,777.30,US$
Stockwell Push Pins,4.5,311,6.99,US$
Star Micronics TSP800 TSP847IIU Receipt Printer,5.0,3,122.45,US$
Hoover Shoulder Vac Commercial Portable Vacuum,4.4,3399,299.00,US$
Staples,4.7,40522,9.97,US$
Acco Expandable Hanging Binders,4.0,46,21.88,US$
"Eldon Regeneration Recycled Desk Accessories, Smoke",4.6,113,139.49,US$
"SAFCO Commercial Wire Shelving, 72h",4.3,36,172.69,US$
Hon Deluxe Fabric Upholstered Stacking Chairs,4.0,10,113.99,US$
"Cardinal HOLDit! Binder Insert Strips,Extra Strips",4.4,246,5.89,US$
Xerox 1996,4.4,3,199.90,US$
Iris Project Case,4.6,4566,49.49,US$
ACCOHIDE Binder by Acco,3.6,62,11.98,US$
Staple-on labels,4.8,264,44.89,US$
Peel & Stick Add-On Corner Pockets,5.0,1,140.00,US$
Ultra Door Push Plate,5.0,3,34.15,US$
Kensington Orbit Wireless Mobile Trackball for PC and Mac,4.2,3587,49.99,US$
Global Chrome Stack Chair,4.3,4,123.40,US$
Pressboard Data Binders by Wilson Jones,5.0,2,8.79,US$
Wilson Jones Standard D-Ring Binders,3.0,1,33.13,US$
Samsung Galaxy Note 2,4.3,1246,58.50,US$
GE DSL Phone Line Filter,4.0,295,17.14,CA$
Easy-staple paper,4.3,3253,17.72,US$
SANFORD Liquid Accent Tank-Style Highlighters,4.5,86,8.40,US$
"Blue String-Tie & Button Interoffice Envelopes, 10 x 13",4.6,55,51.19,US$
24-Hour Round Wall Clock,5.0,2,31.46,US$
Sanford 52201 APSCO Electric Pencil Sharpener,4.4,335,14.44,US$
Samsung Replacement EH64AVFWE Premium Headset,3.6,173,9.10,US$
Fashion Color Clasp Envelopes,5.0,2,16.78,US$
Hon Non-Folding Utility Tables,4.3,52,400.60,US$
Bestar Classic Bookcase,4.2,73,180.42,US$
Staples in misc. colors,4.7,615,4.99,US$
Office Star - Contemporary Swivel Chair with Padded Adjustable Arms and Flex Back,3.5,10,214.62,US$
Mitel MiVoice 5330e IP Phone,3.9,5,167.00,US$
Westinghouse Clip-On Gooseneck Lamps,4.2,696,19.99,US$
Howard Miller Distant Time Traveler Alarm Clock,4.0,70,40.00,£
Tennsco Double-Tier Lockers,4.7,9,1031.16,US$
Wilson SignalBoost 841262 DB PRO Amplifier Kit,3.4,28,680.00,US$
Pencil and Crayon Sharpener,4.3,185,6.30,US$
Office Star Flex Back Scooter Chair with White Frame,4.2,61,141.62,US$
Logitech G13 Programmable Gameboard with LCD Display,4.4,2225,479.99,US$
Panasonic KP-380BK Classic Electric Pencil Sharpener,4.2,81,415.84,CA$
Geemarc AmpliPOWER60,4.0,43,120.91,US$
Avery 48,4.6,1106,10.84,US$
Avery Arch Ring Binders,4.7,2814,8.53,£
Xerox 1915,4.1,357,777.30,US$
Avery Reinforcements for Hole-Punch Pages,4.5,3142,2.99,US$
Colorific Watercolor Pencils,5.0,10,8.50,US$
BIC Liqua Brite Liner,4.8,30960,2.19,US$
Xerox 1973,5.0,1,16.99,US$
Sauder Cornerstone Collection Library,4.4,674,209.43,US$
Blue Parrot B250XT Professional Grade Wireless Bluetooth Headset with,4.5,5364,77.00,US$
Belkin 6 Outlet Metallic Surge Strip,4.7,155,20.18,US$
Hon Valutask Swivel Chairs,4.3,1541,170.23,US$
Avery 517,5.0,1,13.99,US$
Avery 477,5.0,1,14.59,US$
Memorex Froggy Flash Drive 8 GB,4.4,10,9.99,£
Acco 6 Outlet Guardian Premium Surge Suppressor,4.8,6414,19.99,US$
Avoid Verbal Orders Carbonless Minifold Book,4.0,1,22.73,US$
Fellowes Presentation Covers for Comb Binding Machines,4.7,3037,8.49,US$
Panasonic KP-310 Heavy-Duty Electric Pencil Sharpener,4.2,108,34.00,US$
"Holmes Cool Mist Humidifier for the Whole House with 8-Gallon Output per Day, Extended Life Filter",4.4,135,33.79,US$
Tensor Computer Mounted Lamp,3.2,5,49.99,US$
Polycom SoundPoint IP 450 VoIP phone,3.5,9,150.00,US$
Cisco CP-7937G Unified IP Conference Station Phone,3.7,7,39.00,US$
Boston 16701 Slimline Battery Pencil Sharpener,4.0,17,14.46,US$
Avery 494,4.9,13,22.95,US$
Newell 35,3.0,2,24.95,US$
Wilson Jones 14 Line Acrylic Coated Pressboard Data Binders,5.0,2,8.79,US$
Avery Non-Stick Heavy Duty View Round Locking Ring Binders,4.6,5181,5.27,US$
Hanging Personal Folder File,4.7,77454,20.13,US$
Xerox 1909,4.6,24,19.90,US$
"Leather Task Chair, Black",3.8,99,284.59,US$
Digium D40 VoIP phone,3.3,13,160.00,US$
Logitech Desktop MK120 Mouse and keyboard Combo,4.6,20011,17.99,US$
Hoover WindTunnel Plus Canister Vacuum,4.3,3254,150.82,US$
Xerox 1934,4.0,118,481.00,CA$
Newell 329,4.6,3225,239.99,US$
Panasonic KX T7731-B Digital phone,4.2,117,201.55,US$
Revere Boxed Rubber Bands by Revere,4.3,91,9.99,US$
Xerox 217,3.7,93,254.00,CA$
Xerox 189,3.9,188,449.00,US$
KI Adjustable-Height Table,3.7,208,357.62,US$
Panasonic KP-150 Electric Pencil Sharpener,4.2,81,415.84,CA$
GBC Recycled Regency Composition Covers,3.6,2,62.95,US$
"DAX Executive Solid Wood Document Frame, Desktop or Hang, Mahogany, 5 x 7",4.6,4070,12.89,US$
ShoreTel ShorePhone IP 230 VoIP phone,3.8,24,71.06,US$
Petty Cash Envelope,4.7,992,11.99,US$
Samsung Rugby III,3.3,146,85.99,US$
Canvas Sectional Post Binders,1.0,1,21885,¥
Strathmore Photo Mount Cards,4.7,161,9.99,US$
Xerox 203,4.2,152,202.63,£
Plantronics Audio 995 Wireless Stereo Headset,4.0,1347,399.99,US$
Global Super Steno Chair,4.4,1175,51.20,US$
OtterBox Defender Series Case - Samsung Galaxy S4,4.5,3761,12.99,US$
OtterBox Defender Series Case - iPhone 5c,4.5,1901,34.99,US$
Wilson Jones DublLock D-Ring Binders,4.0,85,32.00,US$
Hewlett-Packard Deskjet 3050a All-in-One Color Inkjet Printer,3.7,252,359.99,US$
Ibico Plastic Spiral Binding Combs,5.0,1,696.52,US$
DAX Wood Document Frame,3.4,13,42.56,CA$
Wilson Jones Heavy-Duty Casebound Ring Binders with Metal Hinges,4.4,360,9.99,US$
Xerox 1946,4.1,357,777.30,US$
Newell 340,4.4,103,1780,¥
Avery 506,4.7,45,18.59,US$
Xerox 192,3.8,690,999.00,US$
HP Office Recycled Paper (20Lb. and 87 Bright),4.8,63383,7.17,US$
X-Rack File for Hanging Folders,3.1,8,25.06,US$
Xerox 199,3.8,94,149.99,US$
WD My Passport Ultra 500GB Portable External Hard Drive,4.6,14652,57.63,US$
Staples,4.7,40522,9.97,US$
Cisco IP Phone 7961G-GE VoIP phone,2.0,2,32.72,US$
Logitech Trackman Marble Mouse,4.6,12062,89.99,US$
Acco Perma 3000 Stacking Storage Drawers,4.7,44,26.97,US$
Xerox 197,3.6,41,843.19,US$
"iKross Bluetooth Portable Keyboard + Cell Phone Stand Holder + Brush for Apple iPhone 5S 5C 5, 4S 4",4.5,193,24.69,US$
Lexmark X 9575 Professional All-in-One Color Printer,4.1,56,18.43,US$
Newell 325,4.2,3,62.93,US$
Xerox 1970,4.3,133,17.95,US$
Loose Memo Sheets,5.0,4,12.55,US$
Xerox 1988,4.3,133,17.95,US$
"Neat Ideas Personal Hanging Folder Files, Black",4.6,36,41.98,US$
Belkin OmniView SE Rackmount Kit,3.0,8,109.99,US$
"Rogers Jumbo File, Granite",4.5,1250,25.68,US$
"Commercial WindTunnel Clean Air Upright Vacuum, Replacement Belts, Filtration Bags",4.6,1010,13.50,US$
Eldon Wave Desk Accessories,3.9,8,22.00,US$
Hoover Commercial Soft Guard Upright Vacuum And Disposable Filtration Bags,4.7,445,22.00,US$
Avery 481,4.7,383,83.45,US$
Newell 310,5.0,2,3.66,US$
Staple envelope,3.7,4,21.16,US$
Newell 319,4.8,71722,199.99,US$
Avery 518,4.3,37,5.55,US$
GBC Imprintable Covers,4.8,6,29.06,US$
Newell 347,4.0,11,65.88,US$
Pastel Pink Envelopes,2.0,1,15.73,US$
Belkin F8E887 USB Wired Ergonomic Keyboard,5.0,3,7.77,US$
ARKON Windshield Dashboard Air Vent Car Mount Holder,4.2,609,17.95,US$
Xerox 1949,3.5,277,549.99,US$
"Conquest 14 Commercial Heavy-Duty Upright Vacuum, Collection System, Accessory Kit",4.8,8,70.07,US$
Xerox 1886,4.1,357,777.30,US$
"Acco Clips to Go Binder Clips, 24 Clips in Two Sizes",4.8,6901,5.96,US$
"Dixon Ticonderoga Erasable Colored Pencil Set, 12-Color",4.1,28,11.38,US$
Pyle PRT45 Retro Home Telephone,4.4,52,139.99,US$
Spiral Phone Message Books with Labels by Adams,4.7,807,12.30,US$
Xerox 1901,3.8,82,699.00,US$
Acme Elite Stainless Steel Scissors,5.0,1,22.78,US$
Prang Drawing Pencil Set,4.6,4299,11.12,US$
"BOSTON Ranger #55 Pencil Sharpener, Black",5.0,1,74.90,US$
Newell 307,4.2,59,17.74,US$
Panasonic KP-4ABK Battery-Operated Pencil Sharpener,3.9,107,14.99,US$
Avery Binder Labels,5.0,8,9.99,US$
VTech DS6151,4.3,1214,74.89,US$
V7 USB Numeric Keypad,4.1,19,14.07,US$
Acco Perma 2700 Stacking Storage Drawers,4.7,44,26.97,US$
Micro Innovations USB RF Wireless Keyboard with Mouse,2.9,11,30.90,US$
"Stacking Tray, Side-Loading, Legal, Smoke",3.8,17,13.95,US$
Jawbone MINI JAMBOX Wireless Bluetooth Speaker,4.4,2314,64.95,US$
Canon PC940 Copier,4.2,13,179.00,US$
Multicolor Computer Printout Paper,5.0,1,11.79,US$
Catalog Binders with Expanding Posts,2.2,7,25.33,US$
Grandstream GXP2100 Mainstream Business Phone,2.5,15,124.88,US$
Xerox 1940,4.6,24,19.90,US$
Xerox 1986,3.8,5,5.97,US$
Binder Clips by OIC,4.8,272,6.50,US$
RCA Visys Integrated PBX 8-Line Router,3.8,247,213.37,US$
GBC VeloBind Cover Sets,4.5,11,55.71,US$
Colored Push Pins,4.5,3642,6.49,US$
Xerox 1925,4.1,357,777.30,US$
DAX Natural Wood-Tone Poster Frame,4.6,3919,49.95,US$
"Acco Smartsocket Table Surge Protector, 6 Color-Coded Adapter Outlets",4.8,333,22.93,US$
GBC ProClick Spines for 32-Hole Punch,4.4,105,39.41,US$
Memorex Mini Travel Drive 4 GB USB 2.0 Flash Drive,3.3,3,49.99,US$
Memorex Micro Travel Drive 16 GB,5.0,1,16.41,US$
Avery 497,5.0,6,5.68,US$
Staples,4.7,40544,9.97,US$
Avery 500,4.8,842,13.28,US$
Rediform Voice Mail Log Books,4.6,12,12.69,US$
Logitech G600 MMO Gaming Mouse,4.5,16840,59.99,US$
"Sauder Facets Collection Library, Sky Alder Finish",4.2,94,246.34,US$
Hoover Replacement Belt for Commercial Guardsman Heavy-Duty Upright Vacuum,4.8,20,5.95,US$
"SAFCO PlanMaster Heigh-Adjustable Drafting Table Base, 43w x 30d x 30-37h, Black",3.7,9,612.89,US$
White GlueTop Scratch Pads,4.4,18,13.77,US$
Holmes HEPA Air Purifier,4.2,41,109.64,US$
Xerox 231,5.0,1,199.99,US$
Xerox 1962,3.5,277,549.99,US$
Wilson Electronics DB Pro Signal Booster,3.4,28,680.00,US$
"Sauder Camden County Barrister Bookcase, Planked Cherry Finish",3.9,71,153.60,US$
"DXL Angle-View Binders with Locking Rings, Black",4.0,11,13.61,US$
"Sauder Camden County Collection Libraries, Planked Cherry Finish",3.9,71,166.06,US$
Advantus Panel Wall Certificate Holder - 8.5x11,3.7,12,11.62,US$
Avery 478,4.6,221,15.69,US$
Recycled Steel Personal File for Standard File Folders,4.5,4,23.31,US$
Blackstonian Pencils,4.5,14,6.02,US$
Xerox 1919,4.1,357,777.30,US$
Tops Wirebound Message Log Books,4.7,933,10.41,US$
AT&T CL82213,4.4,283,69.99,US$
Maxell LTO Ultrium - 800 GB,3.9,6,11.89,US$
"Hunt BOSTON Vista Battery-Operated Pencil Sharpener, Black",2.5,8,48.00,US$
GE 30522EE2,4.5,5,6.49,€
Logitech Wireless Marathon Mouse M705,4.6,13951,36.89,US$
Mediabridge Sport Armband iPhone 5s,4.0,1,3.99,US$
Xerox 1929,4.3,64,18.95,US$
Avery 501,3.4,25,31.48,US$
Avery 513,4.5,13116,6.52,US$
Harmony Air Purifier,4.6,17475,299.99,US$
"Electrix Incandescent Magnifying Lamp, Black",4.8,4,39.99,US$
Honeywell Enviracaire Portable Air Cleaner for up to 8 x 10 Room,2.2,2,299.40,US$
Samsung Galaxy S4 Mini,3.9,150,47.99,US$
Polycom VVX 310 VoIP phone,3.4,33,39.00,US$
Bady BDG101FRU Card Printer,4.1,180,549.00,US$
Hon Olson Stacker Stools,4.6,6,476.44,US$
Flat Face Poster Frame,4.5,2905,44.95,US$
"Multi-Use Personal File Cart and Caster Set, Three Stacking Bins",4.6,10,188.99,US$
Xerox 1981,4.4,387,14.49,US$
Tops White Computer Printout Paper,3.1,2,74.66,US$
Classic Ivory Antique Telephone ZL1810,3.3,3,35.99,US$
"Sauder Forest Hills Library with Doors, Woodland Oak Finish",4.5,1501,246.34,US$
Jabra SPEAK 410 Multidevice Speakerphone,4.7,17741,81.00,US$
Xerox 211,4.3,40,35.72,US$
Tennsco Industrial Shelving,4.8,3,285.53,US$
Newell 334,3.3,4,2.99,US$
Safco Drafting Table,4.1,95,399.70,US$
Staple envelope,3.7,4,21.16,US$
Avery Hi-Liter Fluorescent Desk Style Markers,4.7,437,8.24,US$
Newell 309,4.6,4198,254.99,US$
Jiffy Padded Mailers with Self-Seal Closure,3.6,10,56.95,US$
Pressboard Hanging Data Binders for Unburst Sheets,3.8,32,15.15,US$
Hand-Finished Solid Wood Document Frame,4.8,6,22.99,US$
Xerox 1891,4.1,357,777.30,US$
Hewlett-Packard Deskjet 5550 Printer,3.3,98,499.99,US$
Panasonic KX T7736-B Digital phone,4.2,5,159.99,US$
Staple magnet,4.5,3,8.52,US$
Cisco SPA 502G IP Phone,4.2,45,59.95,US$
Avaya 4621SW VoIP phone,2.6,3,89.95,US$
Xerox 214,3.8,82,699.00,US$
Motorola Moto X,3.3,41,37.95,US$
O'Sullivan 2-Shelf Heavy-Duty Bookcases,4.9,66,139.97,US$
Enermax Briskie RF Wireless Keyboard and Mouse Combo,4.2,1483,39.49,US$
BIC Brite Liner Grip Highlighters,4.7,1899,5.27,US$
WD My Passport Ultra 2TB Portable External Hard Drive,4.6,6629,129.99,US$
"Holmes Replacement Filter for HEPA Air Cleaner, Medium Room",4.7,2641,23.99,US$
Newell 3-Hole Punched Plastic Slotted Magazine Holders for Binders,4.5,678,9.60,US$
Acco 6 Outlet Guardian Standard Surge Suppressor,4.8,6414,19.99,US$
Avery Heavy-Duty EZD View Binder with Locking Rings,4.0,1,40.91,US$
Belkin Standard 104 key USB Keyboard,4.3,195,38.68,US$
Avaya IP Phone 1140E VoIP phone,5.0,2,92.00,US$
"Global Wood Trimmed Manager's Task Chair, Khaki",4.2,32300,89.34,US$
Newell 321,5.0,1,4.89,US$
Jabra Supreme Plus Driver Edition Headset,4.1,507,143.20,US$
Binder Posts,5.0,1,11.12,US$
Xerox 1978,4.4,82,36.81,US$
"Eldon Spacemaker Box, Quick-Snap Lid, Clear",4.7,12,37.99,US$
Plymouth Boxed Rubber Bands by Plymouth,4.3,113,7.50,US$
3.6 Cubic Foot Counter Height Office Refrigerator,3.5,2,679.99,US$
"O'Sullivan Elevations Bookcase, Cherry Finish",4.5,4921,105.02,US$
Southworth Parchment Paper & Envelopes,4.7,563,25.19,US$
"Tennsco Lockers, Sand",4.0,1,1197.88,US$
Xerox 1922,4.1,357,777.30,US$
GBC Personal VeloBind Strips,4.6,98,29.20,US$
"Master Big Foot Doorstop, Beige",4.0,43,12.19,US$
Microsoft Wireless Mobile Mouse 4000,4.4,3443,31.99,US$
Staples,4.7,40544,9.97,US$
Plantronics Audio 478 Stereo USB Headset,4.1,1810,55.00,US$
Hon 94000 Series Round Tables,2.8,5,1809.50,US$
Anker Ultra-Slim Mini Bluetooth 3.0 Wireless Keyboard,4.0,2299,22.91,US$
"Plantronics CS 50-USB - headset - Convertible, Monaural",3.2,123,85.00,US$
Avery 52,5.0,1,8.58,US$
Translucent Push Pins by OIC,4.7,1886,6.58,US$
Avery 507,4.3,10,4.90,£
Boston KS Multi-Size Manual Pencil Sharpener,5.0,1,74.90,US$
Tennsco 6- and 18-Compartment Lockers,5.0,3,547.64,US$
Newell 308,4.7,1606,61.69,US$
Polycom SoundStation2 EX Conference phone,4.3,343,199.99,US$
Mobile Personal File Cube,4.5,86,151.99,US$
DMI Eclipse Executive Suite Bookcases,4.7,4440,69.99,US$
Quality Park Security Envelopes,4.8,27401,8.55,US$
"DataProducts Ampli Magnifier Task Lamp, Black,",2.5,17,35.95,US$
Acme Office Executive Series Stainless Steel Trimmers,3.9,9,1804.24,US$
Spigen Samsung Galaxy S5 Case Wallet,4.1,698,12.95,US$
Newell 33,4.4,18,39.10,US$
Panasonic KP-350BK Electric Pencil Sharpener with Auto Stop,4.4,8,99.99,US$
Array Memo Cubes,4.6,223,16.39,US$
Wilson Jones data.warehouse D-Ring Binders with DublLock,4.0,146,8.83,US$
Xerox 1982,3.9,134,351.82,US$
Hon Mobius Operator's Chair,3.9,1368,297.05,US$
Fellowes Mighty 8 Compact Surge Protector,4.6,545,20.99,US$
Harmony HEPA Quiet Air Purifiers,4.6,17475,299.99,US$
"Boston Model 1800 Electric Pencil Sharpener, Gray",3.4,42,44.99,US$
Polycom SoundPoint Pro SE-225 Corded phone,3.5,71,63.02,US$
Euro-Pro Shark Turbo Vacuum,3.7,3,34.99,US$
Nontoxic Chalk,4.5,641,8.99,US$
Xerox 1991,3.2,19,1055.00,US$
"Atlantic Metals Mobile 2-Shelf Bookcases, Custom Colors",4.1,53,115.38,US$
Fellowes Advanced Computer Series Surge Protectors,5.0,3,23.80,US$
Recycled Steel Personal File for Hanging File Folders,4.6,41,27.61,US$
HTC One,3.9,1177,95.00,US$
Manco Dry-Lighter Erasable Highlighter,4.4,2397,7.99,US$
Fiskars Home & Office Scissors,4.8,9,16.42,US$
Xerox 1959,4.5,39,106.20,US$
Kensington 6 Outlet MasterPiece HOMEOFFICE Power Control Center,4.8,6416,51.07,US$
Logitech diNovo Edge Keyboard,3.9,592,699.99,US$
Xerox 1989,2.6,2,208.99,US$
Xerox 1984,3.8,690,899.00,US$
Xerox 227,4.6,276,129.48,US$
Deflect-o Glass Clear Studded Chair Mats,3.9,8,534.88,US$
Bevis Round Conference Room Tables and Bases,5.0,2,1260.40,US$
Staple holder,4.7,40544,9.97,US$
Xerox 1965,3.6,355,1699.00,US$
"Eureka Sanitaire  Multi-Pro Heavy-Duty Upright, Disposable Bags",3.8,56,150.00,US$
Balt Solid Wood Round Tables,4.0,14,879.99,US$
Imation Secure Drive + Hardware Encrypted USB flash drive - 16 GB,4.3,4,28.98,US$
Wausau Papers Astrobrights Colored Envelopes,5.0,7,40.18,US$
Tenex Antistatic Computer Chair Mats,3.2,53,60.95,US$
Xerox 1994,5.0,1,85.00,US$
Belkin 5 Outlet SurgeMaster Power Centers,4.8,8591,27.73,US$
Memorex Micro Travel Drive 32 GB,4.6,22957,29.39,US$
Lexmark S315 Color Inkjet Printer,3.0,55,399.99,US$
Xerox 1918,3.5,277,549.99,US$
SpineVue Locking Slant-D Ring Binders by Cardinal,4.5,345,22.32,US$
"Eureka The Boss Lite 10-Amp Upright Vacuum, Blue",4.4,14412,79.99,US$
"Global Leather & Oak Executive Chair, Burgundy",4.0,1,603.19,US$
"Dixon Ticonderoga Maple Cedar Pencil, #2",4.8,236,23.99,US$
Acco Hot Clips Clips to Go,4.7,142,15.25,US$
Acme Kleencut Forged Steel Scissors,4.6,3,12.51,US$
Xerox 1951,4.1,357,777.30,US$
Acco Smartsocket Color-Coded Six-Outlet AC Adapter Model Surge Protectors,3.6,5,69.64,US$
Clearsounds A400,3.8,35,186.97,US$
Hewlett Packard 310 Color Digital Copier,3.7,17,89.99,US$
Staples,4.7,40544,9.97,US$
Recycled Premium Regency Composition Covers,3.6,2,62.95,US$
Xerox 219,3.9,134,351.82,US$
Xerox 1903,4.1,357,777.30,US$
Logitech VX Revolution Cordless Laser Mouse for Notebooks (Black),4.2,496,179.95,US$
Panasonic KX-TG9541B DECT 6.0 Digital 2-Line Expandable Cordless Phone With Digital Answering System,3.9,93,167.66,US$
Razer Kraken 7.1 Surround Sound Over Ear USB Gaming Headset,4.1,1939,46.00,US$
Hon Rectangular Conference Tables,2.5,2,150.86,US$
Computer Printout Index Tabs,2.0,2,10.99,US$
GBC Wire Binding Combs,4.6,494,25.90,US$
"Iceberg Nesting Folding Chair, 19w x 6d x 43h",3.3,4,89.43,US$
Honeywell Enviracaire Portable HEPA Air Cleaner for 16' x 20' Room,2.2,2,299.40,US$
Ampad #10 Peel & Seel Holiday Envelopes,4.8,32795,9.99,US$
Cardinal Holdit Data Disk Pockets,4.3,42,10.00,US$
Avery 496,4.8,496,5.12,US$
Kensington K72356US Mouse-in-a-Box USB Desktop Mouse,4.8,4,9.99,US$
Avery 50,4.8,12586,14.02,US$
Fiskars Spring-Action Scissors,4.2,5496,20.99,US$
Anker 24W Portable Micro USB Car Charger,4.7,43003,9.99,US$
"SAFCO Mobile Desk Side File, Wire Frame",4.7,2135,92.10,US$
Newell 313,5.0,1,117.70,US$
Jawbone JAMBOX Wireless Bluetooth Speaker,4.3,4228,69.99,US$
Xerox 1895,3.2,2,1895.00,US$
High Speed Automatic Electric Letter Opener,3.6,16,118.74,US$
Belkin 8 Outlet Surge Protector,4.7,5734,28.79,US$
Panasonic KX TS3282B Corded phone,3.4,127,144.18,US$
"Tennsco Snap-Together Open Shelving Units, Starter Sets and Add-On Units",4.5,4,694.37,US$
Avery 49,4.0,15,61.44,US$
Hoover Upright Vacuum With Dirt Cup,4.3,3254,150.82,US$
Avery Non-Stick Binders,4.6,456,6.19,US$
Nortel Meridian M5316 Digital phone,5.0,2,189.99,US$
"Bush Westfield Collection Bookcases, Dark Cherry Finish",4.0,7,315.56,US$
HTC One Mini,3.4,12,48.07,€
Dell Slim USB Multimedia Keyboard,4.6,495,37.99,US$
O'Sullivan Living Dimensions 3-Shelf Bookcases,4.2,2514,139.99,US$
GBC Standard Plastic Binding Systems' Combs,4.6,172,37.73,US$
Holmes Harmony HEPA Air Purifier for 17 x 20 Room,4.6,17475,299.99,US$
"GE General Use Halogen Bulbs, 100 Watts, 1 Bulb per Pack",4.5,721,7.45,US$
Macally Suction Cup Mount,4.1,1533,15.95,US$
Hammermill CopyPlus Copy Paper (20Lb. and 84 Bright),4.8,25022,60.99,US$
Panasonic KX MC6040 Color Laser Multifunction Printer,3.5,28,10700.00,₹
Berol Giant Pencil Sharpener,4.3,1115,7.65,US$
KeyTronic KT400U2 - Keyboard - Black,3.7,3,1409.00,₹
Avery 498,4.4,1478,37.17,US$
Canon imageCLASS 2200 Advanced Copier,5.0,4,74.97,US$
Epson TM-T88V Direct Thermal Printer - Monochrome - Desktop,4.4,287,217.99,US$
Accohide Poly Flexible Ring Binders,3.6,62,11.98,US$
SAFCO Optional Arm Kit for Workspace Cribbage Stacking Chair,4.0,204,320.64,US$
Stackable Trays,4.8,787,21.32,US$
"TOPS Voice Message Log Book, Flash Format",5.0,1,13.44,US$
Boston 1730 StandUp Electric Pencil Sharpener,1.5,5,44.99,US$
"GBC Laser Imprintable Binding System Covers, Desert Sand",4.7,13,29.99,US$
Xerox 2000,4.4,26,93.79,US$
Green Bar Computer Printout Paper,4.6,24,81.84,US$
Global Italian Leather Office Chair,3.7,7,685.00,US$
"Avery Flip-Chart Easel Binder, Black",4.7,13,65.48,US$
AT&T 17929 Lendline Telephone,4.3,3053,56.72,US$
Hewlett-Packard Deskjet 6540 Color Inkjet Printer,4.2,7,229.99,US$
Cisco TelePresence System EX90 Videoconferencing Unit,3.0,6,38.99,US$
Avery Fluorescent Highlighter Four-Color Set,4.6,316,16.40,US$
Xerox 1944,4.1,357,777.30,US$
Xerox 215,4.1,357,777.30,US$
Plantronics Voyager Pro HD - Bluetooth Headset,4.2,511,149.00,US$
AT&T EL51110 DECT,4.3,15834,25.12,US$
BlackBerry Q10,4.1,1290,6.69,US$
Compact Automatic Electric Letter Opener,3.5,11,198.00,US$
SanDisk Ultra 16 GB MicroSDHC Class 10 Memory Card,4.7,115088,7.39,US$
SanDisk Cruzer 8 GB USB Flash Drive,4.7,267735,7.15,US$
"Hon Deluxe Fabric Upholstered Stacking Chairs, Squared Back",4.0,10,113.99,US$
Advantus Rolling Drawer Organizers,4.5,234,58.72,US$
GBC Plasticlear Binding Covers,4.6,532,28.32,US$
Plastic Stacking Crates & Casters,4.6,78,49.59,US$
Belkin F9M820V08 8 Outlet Surge,4.7,5734,28.79,US$
APC 7 Outlet Network SurgeArrest Surge Protector,3.5,3,26.95,US$
Xerox 1953,3.5,277,549.99,US$
Xerox 228,3.5,277,549.99,US$
Embossed Ink Jet Note Cards,4.6,183,19.96,US$
Xerox 1942,4.1,357,777.30,US$
"Carina Mini System Audio Rack, Model AR050B",4.7,517,139.99,US$
"GE 4 Foot Flourescent Tube, 40 Watt",5.0,1,72.71,US$
Nokia Lumia 925,3.2,57,94.00,£
Staple remover,4.5,361,10.26,£
Dana Swing-Arm Lamps,3.0,18,149.91,US$
Xerox 1969,5.0,1,38.49,US$
"Dual Level, Single-Width Filing Carts",4.5,170,68.56,US$
Staple envelope,3.7,4,21.16,US$
Boston 16750 Black Compact Battery Pencil Sharpener,4.3,294,19.85,US$
Global Highback Leather Tilter in Burgundy,3.5,341,221.92,US$
"Wilson Jones Clip & Carry Folder Binder Tool for Ring Binders, Clear",4.6,6190,16.99,US$
Harbour Creations 67200 Series Stacking Chairs,4.3,10,156.24,US$
Xerox 198,4.9,7,19.60,US$
Xerox 1997,4.1,357,777.30,US$
Stacking Trays by OIC,2.6,2,12.29,US$
Epson Perfection V600 Photo Scanner,4.4,6649,349.99,US$
Durable Pressboard Binders,4.6,45,69.97,US$
Alliance Rubber Bands,4.7,53,11.19,US$
"Boston Electric Pencil Sharpener, Model 1818, Charcoal Black",3.4,42,44.99,US$
DAX Clear Channel Poster Frame,3.5,25,28.98,US$
#10 Self-Seal White Envelopes,4.3,33,17.99,US$
Hon Pagoda Stacking Chairs,5.0,3,546.54,US$
Newell 339,4.6,3,170.00,US$
36X48 HARDFLOOR CHAIRMAT,5.0,1,66.48,US$
"Perixx PERIBOARD-512B, Ergonomic Split Keyboard",4.4,10867,49.99,US$
Logitech Wireless Headset H600 Over-The-Head Design,4.0,4143,85.49,US$
Xerox 230,3.7,157,237.00,US$
Vtech CS6719,4.4,35415,25.13,US$
Xerox 194,4.1,21,194.29,US$
"Bush Cubix Collection Bookcases, Fully Assembled",4.7,701,155.00,US$
"Universal Recycled Hanging Pressboard Report Binders, Letter Size",5.0,3,8.56,US$
Xerox 1980,5.0,3,60.70,US$
Strathmore Photo Frame Cards,4.6,1064,29.88,US$
Okidata C331dn Printer,3.9,59,1299.99,US$
Xerox 1907,4.4,1517,9.30,£
Panasonic KX TS3282W Corded phone,4.0,72,155.01,US$
"Global Leather and Oak Executive Chair, Black",5.0,1,298.95,US$
Cubify CubeX 3D Printer Double Head Print,3.5,39,844.99,US$
Wilson Jones Impact Binders,4.3,120,13.48,US$
Newell 34,4.8,6,7.95,US$
Polycom CX300 Desktop Phone USB VoIP phone,4.0,1,54.95,US$
Boston 1799 Powerhouse Electric Pencil Sharpener,4.6,485,26.95,US$
Staple envelope,3.7,4,21.16,US$
Wilson Jones Four-Pocket Poly Binders,4.3,8,15.10,US$
Sterilite Show Offs Storage Containers,4.6,341,13.37,US$
"Alliance Super-Size Bands, Assorted Sizes",4.6,5948,10.02,US$
Avery White Multi-Purpose Labels,4.5,42,6.77,US$
Logitech G500s Laser Gaming Mouse with Adjustable Weight Tuning,4.3,762,99.99,US$
Letter or Legal Size Expandable Poly String Tie Envelopes,4.6,329,9.95,US$
Tennsco Commercial Shelving,4.8,3,285.53,US$
Cisco SPA112 2 Port Phone Adapter,4.3,1566,72.85,US$
Col-Erase Pencils with Erasers,4.7,9352,13.26,US$
Xerox 221,4.1,357,777.30,US$
Disposable Triple-Filter Dust Bags,4.5,466,10.89,US$
Motorola Droid Maxx,4.4,396,59.95,US$
Xerox 1893,3.5,277,549.99,US$
Kensington Expert Mouse Optical USB Trackball for PC or Mac,4.3,8422,66.00,US$
"Master Caster Door Stop, Gray",3.5,2,14.99,US$
Tenex Chairmats For Use with Hard Floors,3.0,21,32.98,US$
Fellowes Command Center 5-outlet power strip,4.6,154,14.16,US$
"Hon Metal Bookcases, Putty",4.5,108,179.99,US$
Xerox 1900,4.7,10,181.00,US$
OIC Stacking Trays,3.7,40,18.52,US$
Polycom VoiceStation 500 Conference phone,3.9,60,460.75,US$
Xerox 204,4.4,109,124.75,£
Imation Bio 2GB USB Flash Drive Imation Corp,2.9,3,68.00,US$
"Hon Metal Bookcases, Black",4.5,107,397.22,US$
"Bush Birmingham Collection Bookcase, Dark Cherry",4.2,184,212.20,US$
AT&T 1080 Phone,4.2,816,179.95,US$
Avery Metallic Poly Binders,4.6,637,6.99,US$
Ativa MDM8000 8-Sheet Micro-Cut Shredder,4.5,27605,70.42,US$
Acco 6 Outlet Guardian Premium Plus Surge Suppressor,4.8,6414,19.99,US$
Smead Alpha-Z Color-Coded Name Labels First Letter Starter Set,4.8,106,39.52,US$
Ooma Telo VoIP Home Phone System,4.3,8006,69.99,US$
Xerox 200,4.0,69,16.10,US$
Staples in misc. colors,4.7,615,4.99,US$
Akro Stacking Bins,4.6,5034,10.40,US$
Xerox 1882,4.1,357,777.30,US$
Boston Home & Office Model 2000 Electric Pencil Sharpeners,4.6,6214,19.99,US$
Newell 31,4.6,673,31.99,CA$
Acrylic Self-Standing Desk Frames,5.0,5,17.31,US$
Acco Side-Punched Conventional Columnar Pads,4.6,107,9.07,US$
Adjustable Personal File Tote,4.6,2370,43.29,US$
Samsung Galaxy S4 Active,4.1,202,44.99,US$
Office Star - Mid Back Dual function Ergonomic High Back Chair with 2-Way Adjustable Arms,3.5,10,214.62,US$
Logitech Wireless Anywhere Mouse MX for PC and Mac,4.3,1793,158.00,US$
Acco Economy Flexible Poly Round Ring Binder,3.6,62,11.98,US$
Balt Split Level Computer Training Table,4.6,47,46.84,US$
Dixon Ticonderoga Core-Lock Colored Pencils,4.5,186,9.99,US$
SAFCO Folding Chair Trolley,4.5,186,428.61,US$
"Office Star - Contemporary Task Swivel chair with Loop Arms, Charcoal",4.2,188,295.37,US$
Avery 515,4.5,17,16.27,US$
"TOPS 4 x 6 Fluorescent Color Memo Sheets, 500 Sheets per Pack",4.3,253,21.49,US$
Things To Do Today Spiral Book,4.3,68,4.99,£
Logitech Illuminated Ultrathin Keyboard with Backlighting,3.8,19,398.00,US$
Serrated Blade or Curved Handle Hand Letter Openers,4.6,19,7.45,US$
Logitech G430 Surround Sound Gaming Headset with Dolby 7.1 Technology,4.1,10570,161.80,US$
LG Exalt,4.0,248,39.95,US$
GBC Poly Designer Binding Covers,4.8,7,8.99,US$
Economy #2 Pencils,5.0,1,5.49,US$
"DAX Copper Panel Document Frame, 5 x 7 Size",4.7,24456,13.49,US$
Micro Innovations Wireless Classic Keyboard with Mouse,2.1,3,30.90,US$
LG G3,4.5,46,2796.99,US$
HP Office Paper (20Lb. and 87 Bright),4.8,49601,11.17,US$
"Binney & Smith inkTank Erasable Pocket Highlighter, Chisel Tip, Yellow",4.4,935,9.99,US$
Staple envelope,3.7,4,21.16,US$
RCA ViSYS 25423RE1 Corded phone,3.8,59,244.97,US$
3M Polarizing Light Filter Sleeves,4.0,1069,38.99,US$
Newell 348,4.4,225,19.93,US$
Black & Decker Filter for Double Action Dustbuster Cordless Vac BLDV7210,4.3,38,5.99,US$
Boston 1900 Electric Pencil Sharpener,3.9,28,32.45,US$
WD My Passport Ultra 1TB Portable External Hard Drive,4.6,6629,81.99,US$
Xerox 1890,3.5,277,549.99,US$
Prang Drawing Pencil Set,4.6,4299,11.12,US$
Cisco IP Phone 7961G VoIP phone - Dark gray,2.0,2,32.72,US$
"Hon Metal Bookcases, Gray",4.5,107,219.50,US$
"Holmes Visible Mist Ultrasonic Humidifier with 2.3-Gallon Output per Day, Replacement Filter",4.1,356,59.16,US$
Rush Hierlooms Collection Rich Wood Bookcases,4.2,2514,199.99,US$
Newell 338,5.0,2,3.66,US$
O'Sullivan 5-Shelf Heavy-Duty Bookcases,3.6,2,233.99,US$
Hammermill Color Copier Paper (28Lb. and 96 Bright),4.7,6910,13.98,US$
Xerox 1990,3.8,1202,173.94,US$
Xerox 1933,1.7,2,99.85,US$
"Safco Value Mate Steel Bookcase, Baked Enamel Finish on Steel, Black",1.0,2,123.18,US$
Cisco Desktop Collaboration Experience DX650 IP Video Phone,5.0,2,199.00,US$
Newell 323,2.5,6,324.96,US$
"Boston 1827 Commercial Additional Cutter, Drive Gear & Gear Rack for 1606",4.7,2,309.70,US$
Staple holder,4.7,40544,9.97,US$
"3D Systems Cube Printer, 2nd Generation, Magenta",4.0,1,234.68,£
Avery 487,4.7,3196,67.45,US$
Hewlett-Packard Deskjet D4360 Printer,3.3,74,159.99,US$
DAX Wood Document Frame.,3.4,13,42.56,CA$
Xerox 208,1.0,1,25000.00,US$
Easy-staple paper,4.3,3253,17.72,US$
Avery 503,5.0,2,12.43,US$
Holmes 99% HEPA Air Purifier,4.6,5800,43.52,US$
Hon 4-Shelf Metal Bookcases,1.0,1,494.95,US$
Newell 316,4.0,34,115.79,CA$
Fellowes Staxonsteel Drawer Files,3.5,16,235.10,US$
Avery Hi-Liter Smear-Safe Highlighters,4.7,437,8.24,US$
Xerox 1992,4.4,177,18.60,US$
Fellowes Recycled Storage Drawers,2.0,1,124.38,US$
Xerox 190,5.0,8,189.63,US$
Xerox 1892,3.8,82,699.00,US$
"24 Capacity Maxi Data Binder Racks, Pearl",4.7,5,24.26,US$
Southworth 25% Cotton Premium Laser Paper and Envelopes,4.6,773,29.82,US$
Multimedia Mailers,2.8,2,30.58,US$
Avery 5,4.7,428,14.99,US$
Jensen SMPS-640 - speaker phone,3.6,19,106.96,£
"Master Caster Door Stop, Large Brown",3.5,2,14.99,US$
Xerox 1956,3.6,355,1699.00,US$
Nu-Dell Oak Frame,3.0,1,19.93,US$
Document Clip Frames,4.6,732,29.99,US$
Xerox 1937,3.5,277,549.99,US$
Canon PC-428 Personal Copier,5.0,1,129.99,US$
Office Star - Ergonomic Mid Back Chair with 2-Way Adjustable Arms,3.5,10,214.62,US$
Xerox 1917,3.8,82,699.00,US$
SanDisk Cruzer 16 GB USB Flash Drive,4.7,59975,16.99,US$
Panasonic KX TS208W Corded phone,4.1,296,58.65,US$
Xerox 19,3.0,1,211.94,US$
AmazonBasics 3-Button USB Wired Mouse,4.6,76034,7.19,US$
Kleencut Forged Office Shears by Acme United Corporation,5.0,1,14.11,US$
Logitech Keyboard K120,4.6,5977,12.99,US$
Dixon Ticonderoga Pencils,4.8,50213,11.28,US$
Texas Instrument TI-15 Fraction Calculator,4.6,1025,21.66,US$
"Deflect-o EconoMat Nonstudded, No Bevel Mat",4.0,172,101.22,US$
OIC Thumb-Tacks,4.4,39,3.99,US$
"Sanford EarthWrite Recycled Pencils, Medium Soft, #2",3.9,6,11.75,US$
PNY Rapid USB Car Charger - Black,3.0,4,29.07,€
"SmartStand Mobile Device Holder, Assorted Colors",4.6,146,8.99,US$
Belkin 8-Outlet Premiere SurgeMaster II Surge Protectors,4.7,15003,26.39,US$
Staples,4.7,40544,9.97,US$
Euro Pro Shark Stick Mini Vacuum,3.7,3,299.99,US$
Easy-staple paper,4.3,3253,17.72,US$
Astroparche Fine Business Paper,2.7,6,45.04,US$
Zebra ZM400 Thermal Label Printer,5.0,2,371.21,US$
Letter Size File,4.8,44637,24.14,US$
Dexim XPower Skin Super-Thin Power Case for iPhone 5 - Black,3.5,200,26.78,US$
Samsung Galaxy S4,3.8,36,44.19,US$
Office Star Flex Back Scooter Chair with Aluminum Finish Frame,4.5,25,570.35,CA$
Samsung Convoy 3,3.6,406,5.99,US$
Avery 491,4.3,382,7.85,US$
Xerox 209,4.7,11,229.65,US$
"Peel & Seel Recycled Catalog Envelopes, Brown",4.6,158,12.99,US$
Avanti 1.7 Cu. Ft. Refrigerator,5.0,4,190.74,US$
Acme Design Stainless Steel Bent Scissors,1.0,1,15.99,US$
"Barricks Non-Folding Utility Table with Steel Legs, Laminate Tops",4.0,4,188.29,US$
Hewlett-Packard 300S Scientific Calculator,2.9,10,38.88,US$
Avery 495,4.7,222,13.06,US$
iOttie HLCRIO102 Car Mount,4.4,128673,23.99,US$
"Avery Hi-Liter GlideStik Fluorescent Highlighter, Yellow Ink",4.7,437,8.24,US$
EcoTones Memo Sheets,4.7,2386,15.97,US$
Texas Instruments TI-34 Scientific Calculator,4.8,7774,19.99,US$
Kingston Digital DataTraveler 64GB USB 2.0,4.3,246,89.99,US$
GBC VeloBinder Strips,4.3,36,29.98,US$
Xerox 1963,3.7,12,425.00,US$
Logitech Z-906 Speaker sys - home theater - 5.1-CH,4.6,5690,398.99,US$
Luxo Adjustable Task Clamp Lamp,3.0,1,385.00,US$
Unpadded Memo Slips,4.0,1,10.01,US$
Barrel Sharpener,2.6,2,9.99,US$
Acco Glide Clips,4.4,71,10.98,US$
"Bush Cubix Conference Tables, Fully Assembled",4.7,5,774.84,US$
"Office Star - Contemporary Task Swivel chair with 2-way adjustable arms, Plum",4.6,8,214.77,US$
Xerox 20,4.8,12,19.99,US$
"HP Officejet Pro 8600 e-All-In-One Printer, Copier, Scanner, Fax",3.5,1517,1076.60,US$
"Iris 3-Drawer Stacking Bin, Black",4.7,8275,35.99,US$
Panasonic Business Telephones KX-T7736,3.8,10,229.00,US$
Hunt Boston Vacuum Mount KS Pencil Sharpener,3.4,42,44.99,US$
Portfile Personal File Boxes,4.5,3535,19.99,US$
"Peel & Seel Recycled Catalog Envelopes, Brown",4.6,158,12.99,US$
Boston 16765 Mini Stand Up Battery Pencil Sharpener,4.1,1406,16.79,US$
Avery 475,4.0,69,18.60,US$
"Vtech AT&T CL2940 Corded Speakerphone, Black",4.3,9631,38.99,US$
Tenex B1-RE Series Chair Mats for Low Pile Carpets,3.8,1359,56.76,US$
Griffin GC17055 Auxiliary Audio Cable,3.8,30,19.95,US$
RCA ViSYS 25825 Wireless digital phone,2.3,10,159.99,US$
Xerox 1902,4.5,13,107.95,US$
Xerox 207,3.6,207,220.67,US$
Socket Bluetooth Cordless Hand Scanner (CHS),5.0,3,224.32,US$
Okidata B400 Printer,2.1,3,849.99,US$
"Logitech Wireless Boombox Speaker - portable - wireless, wired",4.0,426,54.99,US$
Xerox 1947,3.5,277,549.99,US$
Sony Micro Vault Click 4 GB USB 2.0 Flash Drive,4.5,45,49.00,US$
iOttie XL Car Mount,4.4,128707,24.99,US$
Hoover Commercial Lightweight Upright Vacuum with E-Z Empty Dirt Cup,4.6,9,72.13,US$
First Data TMFD35 PIN Pad,3.7,34,179.87,US$
Ultra Commercial Grade Dual Valve Door Closer,4.2,64,169.90,US$
"3D Systems Cube Printer, 2nd Generation, White",2.8,31,⋅,Xem
Panasonic KX - TS880B Telephone,4.0,805,52.99,US$
Xerox 1936,3.7,12,425.00,US$
Avery Legal 4-Ring Binder,4.9,62,23.54,US$
Avaya 5410 Digital phone,3.6,21,84.95,US$
"TOPS Money Receipt Book, Consecutively Numbered in Red,",4.8,8,23.30,US$
Desktop 3-Pocket Hot File,4.7,146,31.71,US$
Wirebound Voice Message Log Book,5.0,8,18.64,US$
Tensor Brushed Steel Torchiere Floor Lamp,3.8,23,149.99,US$
Ricoh - Ink Collector Unit for GX3000 Series Printers,4.5,10,23.99,US$
Avery 479,4.5,557,18.58,US$
Okidata C610n Printer,3.6,8,1888.79,US$
Acme Galleria Hot Forged Steel Scissors with Colored Handles,5.0,2,21.87,US$
Tensor Track Tree Floor Lamp,4.0,272,71.09,US$
Hon Olson Stacker Chairs,4.6,6,476.44,US$
Belkin 7-Outlet SurgeMaster Home Series,4.7,847,32.00,US$
Griffin GC36547 PowerJolt SE Lightning Charger,4.5,48,33.26,US$
Deflect-o DuraMat Antistatic Studded Beveled Mat for Medium Pile Carpeting,4.0,131,81.03,US$
Cherry 142-key Programmable Keyboard,4.8,24,35.99,US$
NeatDesk Desktop Scanner & Digital Filing System,3.3,2217,325.00,US$
Hoover Commercial Lightweight Upright Vacuum,3.9,388,209.00,US$
"Stride Job 150 Highlighters, Chisel Tip, Assorted Colors",4.6,428,17.00,US$
Xerox 1983,3.8,690,999.00,US$
"Brother MFC-9340CDW LED All-In-One Printer, Copier Scanner",3.9,462,1049.99,US$
Avery 484,4.5,606,17.78,US$
Electrix Fluorescent Magnifier Lamps & Weighted Base,4.4,33,79.69,US$
Okidata C610n Printer,3.6,8,1888.79,US$
Staples in misc. colors,4.7,615,4.99,US$
Plantronics Single Ear Headset,4.2,21725,69.99,US$
Xerox 1938,2.7,3,802.98,£
NETGEAR RangeMax WNR1000 Wireless Router,4.2,3670,66.95,US$
Hewlett-Packard Desktjet 6988DT Refurbished Printer,3.4,83,385.00,US$
"Bush Westfield Collection Bookcases, Dark Cherry Finish, Fully Assembled",4.0,7,315.82,US$
"Dixon Ticonderoga Core-Lock Colored Pencils, 48-Color Set",3.9,36,9.99,US$
Sterling Rubber Bands by Alliance,4.4,279,10.12,US$
Kensington 6 Outlet SmartSocket Surge Protector,4.8,6416,51.07,US$
Maxell CD-R Discs,4.5,238,32.70,US$
Avery Hi-Liter Pen Style Six-Color Fluorescent Set,4.7,9892,6.29,US$
Star Micronics TSP100 TSP143LAN Receipt Printer,4.3,109,295.00,US$
"Snap-A-Way Black Print Carbonless Speed Message, No Reply Area, Duplicate",4.9,15,37.70,US$
Lexmark 20R1285 X6650 Wireless All-in-One Printer,3.1,354,98.99,US$
Nokia Lumia 1020,4.1,109,138.00,US$
Okidata B401 Printer,3.9,11,129.99,£
Xerox Blank Computer Paper,4.4,177,18.60,US$
4009 Highlighters,4.5,14,15.30,US$
Self-Adhesive Address Labels for Typewriters with Dispenser Box,4.6,2765,12.77,US$
Office Star - Task Chair with Contemporary Loop Arms,4.3,17,179.99,US$
Grip Seal Envelopes,4.6,99,23.61,US$
Penpower WorldCard Pro Card Scanner,3.4,687,179.95,US$
RCA ViSYS 25425RE1 Corded phone,4.0,104,259.99,US$
Cisco 8961 IP Phone Charcoal,3.3,12,29.95,US$
"Eureka Hand Vacuum, Bagless",4.2,10431,39.99,US$
LG G2,4.5,237,2396.99,US$
